{
  "images" : [
    {
      "idiom" : "universal",
      "filename" : "ic_back_arrow-2.png",
      "language-direction" : "left-to-right",
      "scale" : "1x"
    },
    {
      "idiom" : "universal",
      "filename" : "ic_back_arrow-3.png",
      "language-direction" : "right-to-left",
      "scale" : "1x"
    },
    {
      "idiom" : "universal",
      "filename" : "ic_back_arrow-1.png",
      "language-direction" : "left-to-right",
      "scale" : "2x"
    },
    {
      "idiom" : "universal",
      "filename" : "ic_back_arrow-4.png",
      "language-direction" : "right-to-left",
      "scale" : "2x"
    },
    {
      "idiom" : "universal",
      "filename" : "ic_back_arrow.png",
      "language-direction" : "left-to-right",
      "scale" : "3x"
    },
    {
      "idiom" : "universal",
      "filename" : "ic_back_arrow-5.png",
      "language-direction" : "right-to-left",
      "scale" : "3x"
    }
  ],
  "info" : {
    "version" : 1,
    "author" : "xcode"
  }
}